status_jalan,nama_ruas,panjang_km
Nasional,Jl. Bypass Cicalengka,"5,57"
Provinsi,Jl. Raya Barat Cicalengka,"2,6"
Provinsi,Jl. Raya Majalaya Cicalengka,"7,07"
Kabupaten,Andir-Ciseke,
Kabupaten,Cicalengka-Sindangwangi (Bts. Kab. Bandung/Sumedang),"13,61"
Kabupaten,Cikurutug-Babakanpeuteuy-Cikopo,"2,83"
Kabupaten,Cikurutug-Margaasih-Cicadas,"0,08"
Kabupaten,Jalan Alun-Alun Timur (Cicalengka),"0,08"
Kabupaten,Jalan Alun-Alun Barat (Cicalengka),"0,08"
Kabupaten,Jalan Ciayunan,"0,44"
Kabupaten,Jalan Cilame,"0,72"
Kabupaten,Jalan Kebon Kapas,"0,34"
Kabupaten,Jalan Kebon Suuk,"0,96"
Kabupaten,Jalan Pajagalan,"1,11"
Kabupaten,Jalan Pasar,"0,37"
Kabupaten,Jalan Stasion,"0,45"
Kabupaten,Kebon Kapas-Ciawitali,"0,96"
Kabupaten,Mandalasari-Mandalawangi (Bts. Kab. Bandung/Nagreg),"2,08"
Kabupaten,Nagrog-Narawita-Cicadas,"2,56"
Kabupaten,Sp. Sawahbera Nagrog,"3,44"
