desa,wajib_laki_laki,wajib_perempuan,wajib_total,memiliki_laki_laki,memiliki_perempuan,memiliki_total,belum_laki_laki,belum_perempuan,belum_total,persen_memiliki
Cicalengka Kulon,3754,3719,7473,2090,1987,4077,1664,1732,3396,54.56
Cicalengka Wetan,7670,7658,15328,4107,4026,8133,3563,3632,7195,53.06
Babakan Peuteuy,6562,6260,12822,3621,3397,7018,2914,2863,5804,54.73
Cikuya,6551,6394,12945,3218,3017,6235,3333,3377,6710,48.17
Dampit,3309,3146,6455,1686,1575,3261,1623,1571,3194,50.52
Margaasih,5521,5374,10895,2850,2823,5673,2671,2551,5222,52.07
Narawita,4071,3819,7890,2203,2027,4230,1868,1792,3660,53.61
Panenjoan,7563,7579,15142,3844,3740,7584,3719,3839,7558,50.09
Tanjungwangi,3539,3363,6902,1632,1545,3177,1907,1818,3725,46.03
Tenjolaya,5790,5516,11306,3197,2878,6075,2593,2638,5231,57.73
Waluya,6766,6453,13219,3400,3206,6606,3366,3247,6613,49.97
Nagrog,7100,6969,14069,3741,3524,7265,2593,3445,6804,51.64
