nama,status,panjang_km
Jl. Bypass Cicalengka,Nasional,5.57
Jl. Raya Barat Cicalengka,Provinsi,2.6
Jl. Raya Majalaya Cicalengka,Provinsi,7.07
Andir-Ciseke,Kabupaten,
Cicalengka-Sindangwangi (Bts. Kab. Bandung/Sumedang),Kabupaten,13.61
Cikurutug-Babakanpeuteuy-Cikopo,Kabupaten,2.83
Cikurutug-Margaasih-Cicadas,Kabupaten,0.08
Jl. Alun-alun Timur (Cicalengka),Kabupaten,0.08
Jl. Alun-alun Barat (Cicalengka),Kabupaten,0.08
Jl. Ciayunan,Kabupaten,0.44
Jl. Cilame,Kabupaten,0.72
Jl. Kebon Kapas,Kabupaten,0.34
Jl. Kebon Suuk,Kabupaten,0.96
Jl. Pajagalan,Kabupaten,1.11
Jl. Pasar,Kabupaten,0.37
Jl. Stasion,Kabupaten,0.45
Kebon Kapas-Ciawitali,Kabupaten,0.96
Mandalasari-Mandalawangi (Bts. Kab. Bandung/Nagreg),Kabupaten,2.08
Nagrog-Narawita-Cicadas,Kabupaten,2.56
Sp. Sawahbera Nagrog,Kabupaten,3.44
